<?xml version="1.0" encoding="UTF-8"?>
<metadata xml:lang="en"><Esri><CreaDate>20230610</CreaDate><CreaTime>20275600</CreaTime><ArcGISFormat>1.0</ArcGISFormat><SyncOnce>TRUE</SyncOnce><DataProperties><lineage><Process ToolSource="c:\program files\arcgis\pro\Resources\ArcToolbox\toolboxes\Data Management Tools.tbx\CreateFeatureclass" Date="20230610" Time="202756">CreateFeatureclass C:\Users\lexiw\Desktop\181C\FinalProject\MyProject26\address geocoded_points.shp Point # No No "GEOGCS["GCS_WGS_1984",DATUM["D_WGS_1984",SPHEROID["WGS_1984",6378137.0,298.257223563]],PRIMEM["Greenwich",0.0],UNIT["Degree",0.0174532925199433]];-400 -400 1000000000;-100000 10000;-100000 10000;8.98315284119521E-09;0.001;0.001;IsHighPrecision" # 0 0 0 #</Process><Process ToolSource="c:\program files\arcgis\pro\Resources\ArcToolbox\toolboxes\Data Management Tools.tbx\AddField" Date="20230610" Time="202756">AddField C:\Users\lexiw\Desktop\181C\FinalProject\MyProject26\address\geocoded_points.shp Location Text # # # # NULLABLE NON_REQUIRED #</Process></lineage></DataProperties></Esri></metadata>
