<?xml version="1.0" encoding="UTF-8"?>
<metadata xml:lang="en"><Esri><CreaDate>20230612</CreaDate><CreaTime>02575800</CreaTime><ArcGISFormat>1.0</ArcGISFormat><SyncOnce>FALSE</SyncOnce><DataProperties><itemProps><itemName Sync="TRUE">stopsShp</itemName><imsContentType Sync="TRUE">002</imsContentType><itemSize Sync="TRUE">0.000</itemSize><itemLocation><linkage Sync="TRUE">file://\\S20\C$\Users\crkeeshen\Desktop\Bus_Locator_Bruins\StopsShp\stopsShp.shp</linkage><protocol Sync="TRUE">Local Area Network</protocol></itemLocation></itemProps><coordRef><type Sync="TRUE">Geographic</type><geogcsn Sync="TRUE">GCS_WGS_1984</geogcsn><csUnits Sync="TRUE">Angular Unit: Degree (0.017453)</csUnits><peXml Sync="TRUE">&lt;GeographicCoordinateSystem xsi:type='typens:GeographicCoordinateSystem' xmlns:xsi='http://www.w3.org/2001/XMLSchema-instance' xmlns:xs='http://www.w3.org/2001/XMLSchema' xmlns:typens='http://www.esri.com/schemas/ArcGIS/3.1.0'&gt;&lt;WKT&gt;GEOGCS[&amp;quot;GCS_WGS_1984&amp;quot;,DATUM[&amp;quot;D_WGS_1984&amp;quot;,SPHEROID[&amp;quot;WGS_1984&amp;quot;,6378137.0,298.257223563]],PRIMEM[&amp;quot;Greenwich&amp;quot;,0.0],UNIT[&amp;quot;Degree&amp;quot;,0.0174532925199433],AUTHORITY[&amp;quot;EPSG&amp;quot;,4326]]&lt;/WKT&gt;&lt;XOrigin&gt;-400&lt;/XOrigin&gt;&lt;YOrigin&gt;-400&lt;/YOrigin&gt;&lt;XYScale&gt;11258999068426.238&lt;/XYScale&gt;&lt;ZOrigin&gt;-100000&lt;/ZOrigin&gt;&lt;ZScale&gt;10000&lt;/ZScale&gt;&lt;MOrigin&gt;-100000&lt;/MOrigin&gt;&lt;MScale&gt;10000&lt;/MScale&gt;&lt;XYTolerance&gt;8.983152841195215e-09&lt;/XYTolerance&gt;&lt;ZTolerance&gt;0.001&lt;/ZTolerance&gt;&lt;MTolerance&gt;0.001&lt;/MTolerance&gt;&lt;HighPrecision&gt;true&lt;/HighPrecision&gt;&lt;LeftLongitude&gt;-180&lt;/LeftLongitude&gt;&lt;WKID&gt;4326&lt;/WKID&gt;&lt;LatestWKID&gt;4326&lt;/LatestWKID&gt;&lt;/GeographicCoordinateSystem&gt;</peXml></coordRef><lineage><Process ToolSource="c:\program files\arcgis\pro\Resources\ArcToolbox\toolboxes\Conversion Tools.tbx\ExportFeatures" Date="20230612" Time="025759">ExportFeatures Route\Stops C:\Users\crkeeshen\Desktop\Bus_Locator_Bruins\StopsShp\stopsShp.shp # NOT_USE_ALIAS "Name "Name" true true true 500 Text 0 0,First,#,Route\Stops,Name,0,500;RouteName "RouteName" true true true 1024 Text 0 0,First,#,Route\Stops,RouteName,0,1024;Sequence "Sequence" true true true 4 Long 0 0,First,#,Route\Stops,Sequence,-1,-1;TimeWindowStart "TimeWindowStart" true true true 8 Date 0 0,First,#,Route\Stops,TimeWindowStart,-1,-1;TimeWindowEnd "TimeWindowEnd" true true true 8 Date 0 0,First,#,Route\Stops,TimeWindowEnd,-1,-1;ArriveCurbApproach "ArriveCurbApproach" true true true 4 Long 0 0,First,#,Route\Stops,ArriveCurbApproach,-1,-1;DepartCurbApproach "DepartCurbApproach" true true true 4 Long 0 0,First,#,Route\Stops,DepartCurbApproach,-1,-1;ArriveTime "ArriveTime" true true true 8 Date 0 0,First,#,Route\Stops,ArriveTime,-1,-1;DepartTime "DepartTime" true true true 8 Date 0 0,First,#,Route\Stops,DepartTime,-1,-1;ArriveTimeUTC "ArriveTimeUTC" true true true 8 Date 0 0,First,#,Route\Stops,ArriveTimeUTC,-1,-1;DepartTimeUTC "DepartTimeUTC" true true true 8 Date 0 0,First,#,Route\Stops,DepartTimeUTC,-1,-1;LocationType "LocationType" true true true 4 Long 0 0,First,#,Route\Stops,LocationType,-1,-1;SourceID "SourceID" true true true 4 Long 0 0,First,#,Route\Stops,SourceID,-1,-1;SourceOID "SourceOID" true true true 4 Long 0 0,First,#,Route\Stops,SourceOID,-1,-1;PosAlong "PosAlong" true true true 8 Double 0 0,First,#,Route\Stops,PosAlong,-1,-1;SideOfEdge "SideOfEdge" true true true 4 Long 0 0,First,#,Route\Stops,SideOfEdge,-1,-1;CurbApproach "CurbApproach" true true true 4 Long 0 0,First,#,Route\Stops,CurbApproach,-1,-1;Status "Status" true true true 4 Long 0 0,First,#,Route\Stops,Status,-1,-1;SnapX "SnapX" true true true 8 Double 0 0,First,#,Route\Stops,SnapX,-1,-1;SnapY "SnapY" true true true 8 Double 0 0,First,#,Route\Stops,SnapY,-1,-1;SnapZ "SnapZ" true true true 8 Double 0 0,First,#,Route\Stops,SnapZ,-1,-1;DistanceToNetworkInMeters "DistanceToNetworkInMeters" true true true 8 Double 0 0,First,#,Route\Stops,DistanceToNetworkInMeters,-1,-1;Attr_PublicTransitTime "Attr_PublicTransitTime" true true true 8 Double 0 0,First,#,Route\Stops,Attr_PublicTransitTime,-1,-1;Attr_WalkTime "Attr_WalkTime" true true true 8 Double 0 0,First,#,Route\Stops,Attr_WalkTime,-1,-1;Attr_Length "Attr_Length" true true true 8 Double 0 0,First,#,Route\Stops,Attr_Length,-1,-1;Cumul_PublicTransitTime "Cumul_PublicTransitTime" true true true 8 Double 0 0,First,#,Route\Stops,Cumul_PublicTransitTime,-1,-1;Cumul_WalkTime "Cumul_WalkTime" true true true 8 Double 0 0,First,#,Route\Stops,Cumul_WalkTime,-1,-1;Cumul_Length "Cumul_Length" true true true 8 Double 0 0,First,#,Route\Stops,Cumul_Length,-1,-1;Wait_PublicTransitTime "Wait_PublicTransitTime" true true true 8 Double 0 0,First,#,Route\Stops,Wait_PublicTransitTime,-1,-1;Wait_WalkTime "Wait_WalkTime" true true true 8 Double 0 0,First,#,Route\Stops,Wait_WalkTime,-1,-1;CumulWait_PublicTransitTime "CumulWait_PublicTransitTime" true true true 8 Double 0 0,First,#,Route\Stops,CumulWait_PublicTransitTime,-1,-1;CumulWait_WalkTime "CumulWait_WalkTime" true true true 8 Double 0 0,First,#,Route\Stops,CumulWait_WalkTime,-1,-1;Violation_PublicTransitTime "Violation_PublicTransitTime" true true true 8 Double 0 0,First,#,Route\Stops,Violation_PublicTransitTime,-1,-1;Violation_WalkTime "Violation_WalkTime" true true true 8 Double 0 0,First,#,Route\Stops,Violation_WalkTime,-1,-1;CumulViolation_PublicTransitTime "CumulViolation_PublicTransitTime" true true true 8 Double 0 0,First,#,Route\Stops,CumulViolation_PublicTransitTime,-1,-1;CumulViolation_WalkTime "CumulViolation_WalkTime" true true true 8 Double 0 0,First,#,Route\Stops,CumulViolation_WalkTime,-1,-1" #</Process></lineage></DataProperties><SyncDate>20230612</SyncDate><SyncTime>02575900</SyncTime><ModDate>20230612</ModDate><ModTime>02575900</ModTime></Esri><dataIdInfo><envirDesc Sync="TRUE">Microsoft Windows 10 Version 10.0 (Build 19044) ; Esri ArcGIS 13.1.0.41833</envirDesc><dataLang><languageCode value="eng" Sync="TRUE"></languageCode><countryCode value="USA" Sync="TRUE"></countryCode></dataLang><idCitation><resTitle Sync="TRUE">stopsShp</resTitle><presForm><PresFormCd value="005" Sync="TRUE"></PresFormCd></presForm></idCitation><spatRpType><SpatRepTypCd value="001" Sync="TRUE"></SpatRepTypCd></spatRpType></dataIdInfo><mdLang><languageCode value="eng" Sync="TRUE"></languageCode><countryCode value="USA" Sync="TRUE"></countryCode></mdLang><mdChar><CharSetCd value="004" Sync="TRUE"></CharSetCd></mdChar><distInfo><distFormat><formatName Sync="TRUE">Shapefile</formatName></distFormat><distTranOps><transSize Sync="TRUE">0.000</transSize></distTranOps></distInfo><mdHrLv><ScopeCd value="005" Sync="TRUE"></ScopeCd></mdHrLv><mdHrLvName Sync="TRUE">dataset</mdHrLvName><refSysInfo><RefSystem><refSysID><identCode code="4326" Sync="TRUE"></identCode><idCodeSpace Sync="TRUE">EPSG</idCodeSpace><idVersion Sync="TRUE">6.2(3.0.1)</idVersion></refSysID></RefSystem></refSysInfo><spatRepInfo><VectSpatRep><geometObjs Name="stopsShp"><geoObjTyp><GeoObjTypCd value="004" Sync="TRUE"></GeoObjTypCd></geoObjTyp><geoObjCnt Sync="TRUE">0</geoObjCnt></geometObjs><topLvl><TopoLevCd value="001" Sync="TRUE"></TopoLevCd></topLvl></VectSpatRep></spatRepInfo><spdoinfo><ptvctinf><esriterm Name="stopsShp"><efeatyp Sync="TRUE">Simple</efeatyp><efeageom code="1" Sync="TRUE"></efeageom><esritopo Sync="TRUE">FALSE</esritopo><efeacnt Sync="TRUE">0</efeacnt><spindex Sync="TRUE">FALSE</spindex><linrefer Sync="TRUE">FALSE</linrefer></esriterm></ptvctinf></spdoinfo><eainfo><detailed Name="stopsShp"><enttyp><enttypl Sync="TRUE">stopsShp</enttypl><enttypt Sync="TRUE">Feature Class</enttypt><enttypc Sync="TRUE">0</enttypc></enttyp><attr><attrlabl Sync="TRUE">FID</attrlabl><attalias Sync="TRUE">FID</attalias><attrtype Sync="TRUE">OID</attrtype><attwidth Sync="TRUE">4</attwidth><atprecis Sync="TRUE">0</atprecis><attscale Sync="TRUE">0</attscale><attrdef Sync="TRUE">Internal feature number.</attrdef><attrdefs Sync="TRUE">Esri</attrdefs><attrdomv><udom Sync="TRUE">Sequential unique whole numbers that are automatically generated.</udom></attrdomv></attr><attr><attrlabl Sync="TRUE">Shape</attrlabl><attalias Sync="TRUE">Shape</attalias><attrtype Sync="TRUE">Geometry</attrtype><attwidth Sync="TRUE">0</attwidth><atprecis Sync="TRUE">0</atprecis><attscale Sync="TRUE">0</attscale><attrdef Sync="TRUE">Feature geometry.</attrdef><attrdefs Sync="TRUE">Esri</attrdefs><attrdomv><udom Sync="TRUE">Coordinates defining the features.</udom></attrdomv></attr><attr><attrlabl Sync="TRUE">Name</attrlabl><attalias Sync="TRUE">Name</attalias><attrtype Sync="TRUE">String</attrtype><attwidth Sync="TRUE">254</attwidth><atprecis Sync="TRUE">0</atprecis><attscale Sync="TRUE">0</attscale></attr><attr><attrlabl Sync="TRUE">RouteName</attrlabl><attalias Sync="TRUE">RouteName</attalias><attrtype Sync="TRUE">String</attrtype><attwidth Sync="TRUE">254</attwidth><atprecis Sync="TRUE">0</atprecis><attscale Sync="TRUE">0</attscale></attr><attr><attrlabl Sync="TRUE">Sequence</attrlabl><attalias Sync="TRUE">Sequence</attalias><attrtype Sync="TRUE">Integer</attrtype><attwidth Sync="TRUE">10</attwidth><atprecis Sync="TRUE">10</atprecis><attscale Sync="TRUE">0</attscale></attr><attr><attrlabl Sync="TRUE">TimeWindow</attrlabl><attalias Sync="TRUE">TimeWindow</attalias><attrtype Sync="TRUE">Date</attrtype><attwidth Sync="TRUE">8</attwidth><atprecis Sync="TRUE">0</atprecis><attscale Sync="TRUE">0</attscale></attr><attr><attrlabl Sync="TRUE">TimeWind_1</attrlabl><attalias Sync="TRUE">TimeWind_1</attalias><attrtype Sync="TRUE">Date</attrtype><attwidth Sync="TRUE">8</attwidth><atprecis Sync="TRUE">0</atprecis><attscale Sync="TRUE">0</attscale></attr><attr><attrlabl Sync="TRUE">ArriveCurb</attrlabl><attalias Sync="TRUE">ArriveCurb</attalias><attrtype Sync="TRUE">Integer</attrtype><attwidth Sync="TRUE">10</attwidth><atprecis Sync="TRUE">10</atprecis><attscale Sync="TRUE">0</attscale></attr><attr><attrlabl Sync="TRUE">DepartCurb</attrlabl><attalias Sync="TRUE">DepartCurb</attalias><attrtype Sync="TRUE">Integer</attrtype><attwidth Sync="TRUE">10</attwidth><atprecis Sync="TRUE">10</atprecis><attscale Sync="TRUE">0</attscale></attr><attr><attrlabl Sync="TRUE">ArriveTime</attrlabl><attalias Sync="TRUE">ArriveTime</attalias><attrtype Sync="TRUE">Date</attrtype><attwidth Sync="TRUE">8</attwidth><atprecis Sync="TRUE">0</atprecis><attscale Sync="TRUE">0</attscale></attr><attr><attrlabl Sync="TRUE">DepartTime</attrlabl><attalias Sync="TRUE">DepartTime</attalias><attrtype Sync="TRUE">Date</attrtype><attwidth Sync="TRUE">8</attwidth><atprecis Sync="TRUE">0</atprecis><attscale Sync="TRUE">0</attscale></attr><attr><attrlabl Sync="TRUE">ArriveTi_1</attrlabl><attalias Sync="TRUE">ArriveTi_1</attalias><attrtype Sync="TRUE">Date</attrtype><attwidth Sync="TRUE">8</attwidth><atprecis Sync="TRUE">0</atprecis><attscale Sync="TRUE">0</attscale></attr><attr><attrlabl Sync="TRUE">DepartTi_1</attrlabl><attalias Sync="TRUE">DepartTi_1</attalias><attrtype Sync="TRUE">Date</attrtype><attwidth Sync="TRUE">8</attwidth><atprecis Sync="TRUE">0</atprecis><attscale Sync="TRUE">0</attscale></attr><attr><attrlabl Sync="TRUE">LocationTy</attrlabl><attalias Sync="TRUE">LocationTy</attalias><attrtype Sync="TRUE">Integer</attrtype><attwidth Sync="TRUE">10</attwidth><atprecis Sync="TRUE">10</atprecis><attscale Sync="TRUE">0</attscale></attr><attr><attrlabl Sync="TRUE">SourceID</attrlabl><attalias Sync="TRUE">SourceID</attalias><attrtype Sync="TRUE">Integer</attrtype><attwidth Sync="TRUE">10</attwidth><atprecis Sync="TRUE">10</atprecis><attscale Sync="TRUE">0</attscale></attr><attr><attrlabl Sync="TRUE">SourceOID</attrlabl><attalias Sync="TRUE">SourceOID</attalias><attrtype Sync="TRUE">Integer</attrtype><attwidth Sync="TRUE">10</attwidth><atprecis Sync="TRUE">10</atprecis><attscale Sync="TRUE">0</attscale></attr><attr><attrlabl Sync="TRUE">PosAlong</attrlabl><attalias Sync="TRUE">PosAlong</attalias><attrtype Sync="TRUE">Double</attrtype><attwidth Sync="TRUE">19</attwidth><atprecis Sync="TRUE">0</atprecis><attscale Sync="TRUE">0</attscale></attr><attr><attrlabl Sync="TRUE">SideOfEdge</attrlabl><attalias Sync="TRUE">SideOfEdge</attalias><attrtype Sync="TRUE">Integer</attrtype><attwidth Sync="TRUE">10</attwidth><atprecis Sync="TRUE">10</atprecis><attscale Sync="TRUE">0</attscale></attr><attr><attrlabl Sync="TRUE">CurbApproa</attrlabl><attalias Sync="TRUE">CurbApproa</attalias><attrtype Sync="TRUE">Integer</attrtype><attwidth Sync="TRUE">10</attwidth><atprecis Sync="TRUE">10</atprecis><attscale Sync="TRUE">0</attscale></attr><attr><attrlabl Sync="TRUE">Status</attrlabl><attalias Sync="TRUE">Status</attalias><attrtype Sync="TRUE">Integer</attrtype><attwidth Sync="TRUE">10</attwidth><atprecis Sync="TRUE">10</atprecis><attscale Sync="TRUE">0</attscale></attr><attr><attrlabl Sync="TRUE">SnapX</attrlabl><attalias Sync="TRUE">SnapX</attalias><attrtype Sync="TRUE">Double</attrtype><attwidth Sync="TRUE">19</attwidth><atprecis Sync="TRUE">0</atprecis><attscale Sync="TRUE">0</attscale></attr><attr><attrlabl Sync="TRUE">SnapY</attrlabl><attalias Sync="TRUE">SnapY</attalias><attrtype Sync="TRUE">Double</attrtype><attwidth Sync="TRUE">19</attwidth><atprecis Sync="TRUE">0</atprecis><attscale Sync="TRUE">0</attscale></attr><attr><attrlabl Sync="TRUE">SnapZ</attrlabl><attalias Sync="TRUE">SnapZ</attalias><attrtype Sync="TRUE">Double</attrtype><attwidth Sync="TRUE">19</attwidth><atprecis Sync="TRUE">0</atprecis><attscale Sync="TRUE">0</attscale></attr><attr><attrlabl Sync="TRUE">DistanceTo</attrlabl><attalias Sync="TRUE">DistanceTo</attalias><attrtype Sync="TRUE">Double</attrtype><attwidth Sync="TRUE">19</attwidth><atprecis Sync="TRUE">0</atprecis><attscale Sync="TRUE">0</attscale></attr><attr><attrlabl Sync="TRUE">Attr_Publi</attrlabl><attalias Sync="TRUE">Attr_Publi</attalias><attrtype Sync="TRUE">Double</attrtype><attwidth Sync="TRUE">19</attwidth><atprecis Sync="TRUE">0</atprecis><attscale Sync="TRUE">0</attscale></attr><attr><attrlabl Sync="TRUE">Attr_WalkT</attrlabl><attalias Sync="TRUE">Attr_WalkT</attalias><attrtype Sync="TRUE">Double</attrtype><attwidth Sync="TRUE">19</attwidth><atprecis Sync="TRUE">0</atprecis><attscale Sync="TRUE">0</attscale></attr><attr><attrlabl Sync="TRUE">Attr_Lengt</attrlabl><attalias Sync="TRUE">Attr_Lengt</attalias><attrtype Sync="TRUE">Double</attrtype><attwidth Sync="TRUE">19</attwidth><atprecis Sync="TRUE">0</atprecis><attscale Sync="TRUE">0</attscale></attr><attr><attrlabl Sync="TRUE">Cumul_Publ</attrlabl><attalias Sync="TRUE">Cumul_Publ</attalias><attrtype Sync="TRUE">Double</attrtype><attwidth Sync="TRUE">19</attwidth><atprecis Sync="TRUE">0</atprecis><attscale Sync="TRUE">0</attscale></attr><attr><attrlabl Sync="TRUE">Cumul_Walk</attrlabl><attalias Sync="TRUE">Cumul_Walk</attalias><attrtype Sync="TRUE">Double</attrtype><attwidth Sync="TRUE">19</attwidth><atprecis Sync="TRUE">0</atprecis><attscale Sync="TRUE">0</attscale></attr><attr><attrlabl Sync="TRUE">Cumul_Leng</attrlabl><attalias Sync="TRUE">Cumul_Leng</attalias><attrtype Sync="TRUE">Double</attrtype><attwidth Sync="TRUE">19</attwidth><atprecis Sync="TRUE">0</atprecis><attscale Sync="TRUE">0</attscale></attr><attr><attrlabl Sync="TRUE">Wait_Publi</attrlabl><attalias Sync="TRUE">Wait_Publi</attalias><attrtype Sync="TRUE">Double</attrtype><attwidth Sync="TRUE">19</attwidth><atprecis Sync="TRUE">0</atprecis><attscale Sync="TRUE">0</attscale></attr><attr><attrlabl Sync="TRUE">Wait_WalkT</attrlabl><attalias Sync="TRUE">Wait_WalkT</attalias><attrtype Sync="TRUE">Double</attrtype><attwidth Sync="TRUE">19</attwidth><atprecis Sync="TRUE">0</atprecis><attscale Sync="TRUE">0</attscale></attr><attr><attrlabl Sync="TRUE">CumulWait_</attrlabl><attalias Sync="TRUE">CumulWait_</attalias><attrtype Sync="TRUE">Double</attrtype><attwidth Sync="TRUE">19</attwidth><atprecis Sync="TRUE">0</atprecis><attscale Sync="TRUE">0</attscale></attr><attr><attrlabl Sync="TRUE">CumulWait1</attrlabl><attalias Sync="TRUE">CumulWait1</attalias><attrtype Sync="TRUE">Double</attrtype><attwidth Sync="TRUE">19</attwidth><atprecis Sync="TRUE">0</atprecis><attscale Sync="TRUE">0</attscale></attr><attr><attrlabl Sync="TRUE">Violation_</attrlabl><attalias Sync="TRUE">Violation_</attalias><attrtype Sync="TRUE">Double</attrtype><attwidth Sync="TRUE">19</attwidth><atprecis Sync="TRUE">0</atprecis><attscale Sync="TRUE">0</attscale></attr><attr><attrlabl Sync="TRUE">Violation1</attrlabl><attalias Sync="TRUE">Violation1</attalias><attrtype Sync="TRUE">Double</attrtype><attwidth Sync="TRUE">19</attwidth><atprecis Sync="TRUE">0</atprecis><attscale Sync="TRUE">0</attscale></attr><attr><attrlabl Sync="TRUE">CumulViola</attrlabl><attalias Sync="TRUE">CumulViola</attalias><attrtype Sync="TRUE">Double</attrtype><attwidth Sync="TRUE">19</attwidth><atprecis Sync="TRUE">0</atprecis><attscale Sync="TRUE">0</attscale></attr><attr><attrlabl Sync="TRUE">CumulVio_1</attrlabl><attalias Sync="TRUE">CumulVio_1</attalias><attrtype Sync="TRUE">Double</attrtype><attwidth Sync="TRUE">19</attwidth><atprecis Sync="TRUE">0</atprecis><attscale Sync="TRUE">0</attscale></attr></detailed></eainfo><mdDateSt Sync="TRUE">20230612</mdDateSt></metadata>
